{
  "project_info": {
    "project_number": "1094704952084",
    "firebase_url": "https://assetloc8-36bb6.firebaseio.com",
    "project_id": "assetloc8-36bb6",
    "storage_bucket": "assetloc8-36bb6.appspot.com"
  },
  "client": [
    {
      "client_info": {
        "mobilesdk_app_id": "1:1094704952084:android:69bfeeef34de7f1e",
        "android_client_info": {
          "package_name": "com.example.dan.assetloc8"
        }
      },
      "oauth_client": [
        {
          "client_id": "1094704952084-64fpo47u10i95i8aq2cjis4l5lm66jp8.apps.googleusercontent.com",
          "client_type": 1,
          "android_info": {
            "package_name": "com.example.dan.assetloc8",
            "certificate_hash": "56e4a67ae7bc9ba16550691de84f443db83c9f01"
          }
        },
        {
          "client_id": "1094704952084-lnudh4od32qt430gm9g8jfoj3o7g48hf.apps.googleusercontent.com",
          "client_type": 3
        }
      ],
      "api_key": [
        {
          "current_key": "AIzaSyBOueqZT1Vn9X_qs4OH6xavpSiDbZTc7DM"
        }
      ],
      "services": {
        "analytics_service": {
          "status": 1
        },
        "appinvite_service": {
          "status": 2,
          "other_platform_oauth_client": [
            {
              "client_id": "1094704952084-lnudh4od32qt430gm9g8jfoj3o7g48hf.apps.googleusercontent.com",
              "client_type": 3
            }
          ]
        },
        "ads_service": {
          "status": 2
        }
      }
    }
  ],
  "configuration_version": "1"
}